{
  "GetTotalVertical" : {
    "transaction" : "GetTotalVertical",
    "sampleCount" : 64000,
    "errorCount" : 5851,
    "errorPct" : 9.142187,
    "meanResTime" : 211.88609375000095,
    "medianResTime" : 205.0,
    "minResTime" : 12.0,
    "maxResTime" : 1236.0,
    "pct1ResTime" : 302.0,
    "pct2ResTime" : 331.0,
    "pct3ResTime" : 425.9900000000016,
    "throughput" : 545.674675579353,
    "receivedKBytesPerSec" : 54.531680971087766,
    "sentKBytesPerSec" : 100.12335131910459
  },
  "GetTotalVerticalSeason" : {
    "transaction" : "GetTotalVerticalSeason",
    "sampleCount" : 64000,
    "errorCount" : 6003,
    "errorPct" : 9.379687,
    "meanResTime" : 212.2211406250009,
    "medianResTime" : 205.0,
    "minResTime" : 12.0,
    "maxResTime" : 1159.0,
    "pct1ResTime" : 302.0,
    "pct2ResTime" : 332.0,
    "pct3ResTime" : 410.9900000000016,
    "throughput" : 546.55075236127,
    "receivedKBytesPerSec" : 54.61783846382944,
    "sentKBytesPerSec" : 106.68926548169055
  },
  "Total" : {
    "transaction" : "Total",
    "sampleCount" : 256000,
    "errorCount" : 20474,
    "errorPct" : 7.9976563,
    "meanResTime" : 212.24003515624986,
    "medianResTime" : 149.0,
    "minResTime" : 12.0,
    "maxResTime" : 1317.0,
    "pct1ResTime" : 313.0,
    "pct2ResTime" : 353.0,
    "pct3ResTime" : 469.9900000000016,
    "throughput" : 2178.70486208628,
    "receivedKBytesPerSec" : 217.2237413803925,
    "sentKBytesPerSec" : 414.71280197881293
  },
  "GetResortSkiers" : {
    "transaction" : "GetResortSkiers",
    "sampleCount" : 64000,
    "errorCount" : 0,
    "errorPct" : 0.0,
    "meanResTime" : 213.34631250000066,
    "medianResTime" : 207.0,
    "minResTime" : 12.0,
    "maxResTime" : 1220.0,
    "pct1ResTime" : 304.0,
    "pct2ResTime" : 335.0,
    "pct3ResTime" : 434.0,
    "throughput" : 544.67621552157,
    "receivedKBytesPerSec" : 54.25485740546889,
    "sentKBytesPerSec" : 102.65870077701466
  },
  "GetDayVertical" : {
    "transaction" : "GetDayVertical",
    "sampleCount" : 64000,
    "errorCount" : 8620,
    "errorPct" : 13.46875,
    "meanResTime" : 211.50659374999876,
    "medianResTime" : 207.0,
    "minResTime" : 14.0,
    "maxResTime" : 1317.0,
    "pct1ResTime" : 301.0,
    "pct2ResTime" : 331.0,
    "pct3ResTime" : 412.9900000000016,
    "throughput" : 545.5676887536335,
    "receivedKBytesPerSec" : 54.19502726240101,
    "sentKBytesPerSec" : 105.96375344709273
  }
}