{
  "Total" : {
    "transaction" : "Total",
    "sampleCount" : 64000,
    "errorCount" : 8540,
    "errorPct" : 13.34375,
    "meanResTime" : 63.277203125000064,
    "medianResTime" : 60.0,
    "minResTime" : 11.0,
    "maxResTime" : 534.0,
    "pct1ResTime" : 80.0,
    "pct2ResTime" : 90.0,
    "pct3ResTime" : 278.0,
    "throughput" : 1547.0147449842882,
    "receivedKBytesPerSec" : 153.6803446791153,
    "sentKBytesPerSec" : 300.4743303571429
  },
  "GetDayVertical" : {
    "transaction" : "GetDayVertical",
    "sampleCount" : 64000,
    "errorCount" : 8540,
    "errorPct" : 13.34375,
    "meanResTime" : 63.277203125000064,
    "medianResTime" : 60.0,
    "minResTime" : 11.0,
    "maxResTime" : 534.0,
    "pct1ResTime" : 80.0,
    "pct2ResTime" : 90.0,
    "pct3ResTime" : 278.0,
    "throughput" : 1547.0147449842882,
    "receivedKBytesPerSec" : 153.6803446791153,
    "sentKBytesPerSec" : 300.4743303571429
  }
}